<?xml version="1.0"?>
<definition xmlns:xsi="http://www.w3.org/2001/XMLSchema-instance" version="2">
  <properties>
    <root_name>mods</root_name>
    <schema_uri>http://www.loc.gov/standards/mods/v3/mods-3-4.xsd</schema_uri>
    <namespaces default="http://www.loc.gov/mods/v3">
      <namespace prefix="mods">http://www.loc.gov/mods/v3</namespace>
      <namespace prefix="xsi">http://www.w3.org/2001/XMLSchema-instance</namespace>
      <namespace prefix="xlink">http://www.w3.org/1999/xlink</namespace>
    </namespaces>
  </properties>
  <form>
    <properties>
      <type>form</type>
      <access>TRUE</access>
      <attributes>
        <enctype>multipart/form-data</enctype>
      </attributes>
      <required>FALSE</required>
      <tree>TRUE</tree>
      <actions>
        <create>NULL</create>
        <read>
          <path>//mods:mods[1]</path>
          <context>document</context>
        </read>
        <update>NULL</update>
        <delete>NULL</delete>
      </actions>
    </properties>
    <children>
      <element name="titleInfo">
        <properties>
          <type>markup</type>
          <access>TRUE</access>
          <required>FALSE</required>
          <tree>TRUE</tree>
          <actions>
            <create>
              <path>self::node()</path>
              <context>parent</context>
              <schema/>
              <type>element</type>
              <prefix>NULL</prefix>
              <value>titleInfo</value>
            </create>
            <read>
              <path>mods:titleInfo</path>
              <context>parent</context>
            </read>
            <update>NULL</update>
            <delete>NULL</delete>
          </actions>
        </properties>
        <children>
          <element name="title">
            <properties>
              <type>textfield</type>
              <access>TRUE</access>
              <description>Title of the work.</description>
              <required>FALSE</required>
              <title>Title</title>
              <tree>TRUE</tree>
              <actions>
                <create>
                  <path>self::node()</path>
                  <context>parent</context>
                  <schema/>
                  <type>element</type>
                  <prefix>NULL</prefix>
                  <value>title</value>
                </create>
                <read>
                  <path>mods:title</path>
                  <context>parent</context>
                </read>
                <update>
                  <path>self::node()</path>
                  <context>self</context>
                </update>
                <delete>NULL</delete>
              </actions>
            </properties>
            <children/>
          </element>
          <element name="subTitle">
            <properties>
              <type>textfield</type>
              <access>TRUE</access>
              <required>FALSE</required>
              <title>Sub Title</title>
              <tree>TRUE</tree>
              <actions>
                <create>
                  <path>self::node()</path>
                  <context>parent</context>
                  <schema/>
                  <type>element</type>
                  <prefix>NULL</prefix>
                  <value>subTitle</value>
                </create>
                <read>
                  <path>mods:subTitle</path>
                  <context>parent</context>
                </read>
                <update>
                  <path>self::node()</path>
                  <context>self</context>
                </update>
                <delete>NULL</delete>
              </actions>
            </properties>
            <children/>
          </element>
        </children>
      </element>
      <element name="name">
        <properties>
          <type>tabs</type>
          <access>TRUE</access>
          <required>FALSE</required>
          <title>Name</title>
          <tree>TRUE</tree>
        </properties>
        <children>
          <element name="0">
            <properties>
              <type>tabpanel</type>
              <access>TRUE</access>
              <required>FALSE</required>
              <tree>TRUE</tree>
              <actions>
                <create>
                  <path>self::node()</path>
                  <context>parent</context>
                  <schema/>
                  <type>element</type>
                  <prefix>NULL</prefix>
                  <value>name</value>
                </create>
                <read>
                  <path>mods:name</path>
                  <context>parent</context>
                </read>
                <update>NULL</update>
                <delete>
                  <path>self::node()</path>
                  <context>self</context>
                </delete>
              </actions>
            </properties>
            <children>
              <element name="type">
                <properties>
                  <type>select</type>
                  <access>TRUE</access>
                  <default_value>personal</default_value>
                  <options>
                    <corporate>corporate</corporate>
                    <personal>personal</personal>
                  </options>
                  <required>FALSE</required>
                  <title>Type</title>
                  <tree>TRUE</tree>
                  <actions>
                    <create>
                      <path>self::node()</path>
                      <context>parent</context>
                      <schema/>
                      <type>attribute</type>
                      <prefix>NULL</prefix>
                      <value>type</value>
                    </create>
                    <read>
                      <path>@type</path>
                      <context>parent</context>
                    </read>
                    <update>
                      <path>self::node()</path>
                      <context>self</context>
                    </update>
                    <delete>NULL</delete>
                  </actions>
                </properties>
                <children/>
              </element>
              <element name="namePart">
                <properties>
                  <type>textfield</type>
                  <access>TRUE</access>
                  <required>FALSE</required>
                  <title>Name</title>
                  <tree>TRUE</tree>
                  <actions>
                    <create>
                      <path>self::node()</path>
                      <context>parent</context>
                      <schema/>
                      <type>xml</type>
                      <prefix>NULL</prefix>
                      <value>&lt;namePart&gt;%value%&lt;/namePart&gt;</value>
                    </create>
                    <read>
                      <path>mods:namePart</path>
                      <context>parent</context>
                    </read>
                    <update>
                      <path>self::node()</path>
                      <context>self</context>
                    </update>
                    <delete>NULL</delete>
                  </actions>
                </properties>
                <children/>
              </element>
              <element name="role">
                <properties>
                  <type>textfield</type>
                  <access>TRUE</access>
                  <description>Select a role from this vocabulary -
                                                  &lt;a
                                                  href="http://id.loc.gov/vocabulary/relators.html"
                                                  target="_blank"&gt;http://id.loc.gov/vocabulary/relators.html&lt;/a&gt;
                  </description>
                  <required>FALSE</required>
                  <title>Role</title>
                  <tree>TRUE</tree>
                  <actions>
                    <create>
                      <path>self::node()</path>
                      <context>parent</context>
                      <schema/>
                      <type>xml</type>
                      <prefix>NULL</prefix>
                      <value>&lt;role&gt;&lt;roleTerm
                                                  authority="marcrelator"
                                                  type="text"&gt;%value%&lt;/roleTerm&gt;&lt;/role&gt;
                      </value>
                    </create>
                    <read>
                      <path>mods:role/mods:roleTerm</path>
                      <context>parent</context>
                    </read>
                    <update>
                      <path>self::node()</path>
                      <context>self</context>
                    </update>
                    <delete>NULL</delete>
                  </actions>
                </properties>
                <children/>
              </element>
            </children>
          </element>
        </children>
      </element>
      <element name="typeOfResource">
        <properties>
          <type>hidden</type>
          <access>TRUE</access>
          <default_value>moving image</default_value>
          <required>FALSE</required>
          <tree>TRUE</tree>
          <actions>
            <create>
              <path>self::node()</path>
              <context>parent</context>
              <schema/>
              <type>element</type>
              <prefix>NULL</prefix>
              <value>typeOfResource</value>
            </create>
            <read>
              <path>mods:typeOfResource</path>
              <context>parent</context>
            </read>
            <update>
              <path>self::node()</path>
              <context>self</context>
            </update>
            <delete>NULL</delete>
          </actions>
        </properties>
        <children/>
      </element>
      <element name="genre">
        <properties>
          <type>select</type>
          <access>TRUE</access>
          <options>
            <index key="">Select a Genre</index>
            <Actuality>Actuality</Actuality>
            <Adaptation>Adaptation</Adaptation>
            <Adventure>Adventure</Adventure>
            <Adventure_Nonfiction>Adventure
                                                  (Nonfiction)
            </Adventure_Nonfiction>
            <Ancient_world>Ancient world</Ancient_world>
            <Animal>Animal</Animal>
            <Art>Art</Art>
            <Aviation>Aviation</Aviation>
            <Biographical>Biographical</Biographical>
            <Biographical_Nonfiction>Biographical
                                                  (Nonfiction)
            </Biographical_Nonfiction>
            <Buddy>Buddy</Buddy>
            <Caper>Caper</Caper>
            <Chase>Chase</Chase>
            <Childrens>Children's</Childrens>
            <College>College</College>
            <Comedy>Comedy</Comedy>
            <Crime>Crime</Crime>
            <Dance>Dance</Dance>
            <Dark_comedy>Dark comedy</Dark_comedy>
            <Disability>Disability</Disability>
            <Disaster>Disaster</Disaster>
            <Documentary>Documentary</Documentary>
            <Domestic_comedy>Domestic comedy</Domestic_comedy>
            <Educational>Educational</Educational>
            <Erotic>Erotic</Erotic>
            <Espionage>Espionage</Espionage>
            <Ethnic>Ethnic</Ethnic>
            <Ethnic_Nonfiction>Ethnic
                                                  (Nonfiction)
            </Ethnic_Nonfiction>
            <Ethnographic>Ethnographic</Ethnographic>
            <Experimental>Experimental</Experimental>
            <Absolute>Absolute</Absolute>
            <Abstract_live_action>Abstract live
                                                  action
            </Abstract_live_action>
            <Activist>Activist</Activist>
            <Autobiographical>Autobiographical</Autobiographical>
            <City_symphony>City symphony</City_symphony>
            <Cubist>Cubist</Cubist>
            <Dada>Dada</Dada>
            <Diary>Diary</Diary>
            <Feminist>Feminist</Feminist>
            <Gay_lesbian>Gay/lesbian</Gay_lesbian>
            <Intermittent_animation>Intermittent
                                                  animation
            </Intermittent_animation>
            <Landscape>Landscape</Landscape>
            <Loop>Loop</Loop>
            <Lyrical>Lyrical</Lyrical>
            <Participatory>Participatory</Participatory>
            <Portrait>Portrait</Portrait>
            <Reflexive>Reflexive</Reflexive>
            <Street>Street</Street>
            <Structural>Structural</Structural>
            <Surrealist>Surrealist</Surrealist>
            <Text>Text</Text>
            <Trance>Trance</Trance>
            <Exploitation>Exploitation</Exploitation>
            <Fallen_woman>Fallen woman</Fallen_woman>
            <Family>Family</Family>
            <Fantasy>Fantasy</Fantasy>
            <Film_noir>Film noir</Film_noir>
            <Game>Game</Game>
            <Gangster>Gangster</Gangster>
            <Historical>Historical</Historical>
            <Home_shopping>Home shopping</Home_shopping>
            <Horror>Horror</Horror>
            <Industrial>Industrial</Industrial>
            <Instructional>Instructional</Instructional>
            <Interview>Interview</Interview>
            <Journalism>Journalism</Journalism>
            <Jungle>Jungle</Jungle>
            <Juvenile_delinquency>Juvenile
                                                  delinquency
            </Juvenile_delinquency>
            <Lecture>Lecture</Lecture>
            <Legal>Legal</Legal>
            <Magazine>Magazine</Magazine>
            <Martial_arts>Martial arts</Martial_arts>
            <Maternal_melodrama>Maternal
                                                  melodrama
            </Maternal_melodrama>
            <Medical>Medical</Medical>
            <Medical_Nonfiction>Medical
                                                  (Nonfiction)
            </Medical_Nonfiction>
            <Melodrama>Melodrama</Melodrama>
            <Military>Military</Military>
            <Music>Music</Music>
            <Music_video>Music video</Music_video>
            <Musical>Musical</Musical>
            <Mystery>Mystery</Mystery>
            <Nature>Nature</Nature>
            <News>News</News>
            <Newsreel>Newsreel</Newsreel>
            <Opera>Opera</Opera>
            <Operetta>Operetta</Operetta>
            <Parody>Parody</Parody>
            <Police>Police</Police>
            <Political>Political</Political>
            <Pornography>Pornography</Pornography>
            <Prehistoric>Prehistoric</Prehistoric>
            <Prison>Prison</Prison>
            <Propaganda>Propaganda</Propaganda>
            <Public_access>Public access</Public_access>
            <Public_affairs>Public affairs</Public_affairs>
            <index key="Reality-based">Reality-based</index>
            <Religion>Religion</Religion>
            <Religious>Religious</Religious>
            <Road>Road</Road>
            <Romance>Romance</Romance>
            <Science_fiction>Science fiction</Science_fiction>
            <Screwball_comedy>Screwball
                                                  comedy
            </Screwball_comedy>
            <Show_business>Show business</Show_business>
            <Singing_cowboy>Singing cowboy</Singing_cowboy>
            <Situation_comedy>Situation
                                                  comedy
            </Situation_comedy>
            <Slapstick_comedy>Slapstick
                                                  comedy
            </Slapstick_comedy>
            <Slasher>Slasher</Slasher>
            <Soap_opera>Soap opera</Soap_opera>
            <Social_guidance>Social guidance</Social_guidance>
            <Social_problem>Social problem</Social_problem>
            <Sophisticated_comedy>Sophisticated
                                                  comedy
            </Sophisticated_comedy>
            <Speculation>Speculation</Speculation>
            <Sponsored>Sponsored</Sponsored>
            <Sports_NonFiction>Sports
                                                  (Nonfiction)
            </Sports_NonFiction>
            <Sports>Sports</Sports>
            <Survival>Survival</Survival>
            <Talk>Talk</Talk>
            <Thriller>Thriller</Thriller>
            <Training>Training</Training>
            <Travelogue>Travelogue</Travelogue>
            <Trick>Trick</Trick>
            <Trigger>Trigger</Trigger>
            <Variety>Variety</Variety>
            <War>War</War>
            <Western>Western</Western>
            <Women>Women</Women>
            <Youth>Youth</Youth>
            <Yukon>Yukon</Yukon>
          </options>
          <required>FALSE</required>
          <title>Genre</title>
          <tree>TRUE</tree>
          <user_data>
            <index key=""/>
          </user_data>
          <actions>
            <create>
              <path>self::node()</path>
              <context>parent</context>
              <schema/>
              <type>element</type>
              <prefix>NULL</prefix>
              <value>genre</value>
            </create>
            <read>
              <path>mods:genre</path>
              <context>parent</context>
            </read>
            <update>
              <path>self::node()</path>
              <context>self</context>
            </update>
            <delete>NULL</delete>
          </actions>
        </properties>
        <children/>
      </element>
      <element name="originInfo">
        <properties>
          <type>fieldset</type>
          <access>TRUE</access>
          <required>FALSE</required>
          <title>Origin Information</title>
          <tree>TRUE</tree>
          <actions>
            <create>
              <path>self::node()</path>
              <context>parent</context>
              <schema/>
              <type>element</type>
              <prefix>NULL</prefix>
              <value>originInfo</value>
            </create>
            <read>
              <path>mods:originInfo</path>
              <context>parent</context>
            </read>
            <update>NULL</update>
            <delete>NULL</delete>
          </actions>
        </properties>
        <children>
          <element name="dateIssued">
            <properties>
              <type>textfield</type>
              <access>TRUE</access>
              <description>Enter date in the format
                                                  YYYY-MM-DD.
              </description>
              <required>FALSE</required>
              <title>Date Issued</title>
              <tree>TRUE</tree>
              <actions>
                <create>
                  <path>self::node()</path>
                  <context>parent</context>
                  <schema/>
                  <type>element</type>
                  <prefix>NULL</prefix>
                  <value>dateIssued</value>
                </create>
                <read>
                  <path>mods:dateIssued</path>
                  <context>parent</context>
                </read>
                <update>
                  <path>self::node()</path>
                  <context>self</context>
                </update>
                <delete>NULL</delete>
              </actions>
            </properties>
            <children/>
          </element>
          <element name="publisher">
            <properties>
              <type>textfield</type>
              <access>TRUE</access>
              <required>FALSE</required>
              <title>Publisher</title>
              <tree>TRUE</tree>
              <actions>
                <create>
                  <path>self::node()</path>
                  <context>parent</context>
                  <schema/>
                  <type>element</type>
                  <prefix>NULL</prefix>
                  <value>publisher</value>
                </create>
                <read>
                  <path>mods:publisher</path>
                  <context>parent</context>
                </read>
                <update>
                  <path>self::node()</path>
                  <context>self</context>
                </update>
                <delete>NULL</delete>
              </actions>
            </properties>
            <children/>
          </element>
          <element name="country">
            <properties>
              <type>textfield</type>
              <access>TRUE</access>
              <required>FALSE</required>
              <title>Country</title>
              <tree>TRUE</tree>
              <actions>
                <create>
                  <path>self::node()</path>
                  <context>parent</context>
                  <schema/>
                  <type>xml</type>
                  <prefix>NULL</prefix>
                  <value>&lt;place&gt;&lt;placeTerm authority='marccountry'&gt;%value%&lt;/placeTerm&gt;&lt;/place&gt;
                  </value>
                </create>
                <read>
                  <path>mods:place/mods:placeTerm[@authority='marccountry']                  </path>
                  <context>parent</context>
                </read>
                <update>
                  <path>self::node()</path>
                  <context>self</context>
                </update>
                <delete>NULL</delete>
              </actions>
            </properties>
            <children/>
          </element>
          <element name="place">
            <properties>
              <type>textfield</type>
              <access>TRUE</access>
              <required>FALSE</required>
              <title>Place</title>
              <tree>TRUE</tree>
              <actions>
                <create>
                  <path>self::node()</path>
                  <context>parent</context>
                  <schema/>
                  <type>xml</type>
                  <prefix>NULL</prefix>
                  <value>&lt;place&gt;&lt;placeTerm
                                                  type="text"&gt;%value%&lt;/placeTerm&gt;&lt;/place&gt;
                  </value>
                </create>
                <read>
                  <path>mods:place/mods:placeTerm[@type = 'text']                  </path>
                  <context>parent</context>
                </read>
                <update>
                  <path>self::node()</path>
                  <context>self</context>
                </update>
                <delete>NULL</delete>
              </actions>
            </properties>
            <children/>
          </element>
        </children>
      </element>
      <element name="language">
        <properties>
          <type>textfield</type>
          <access>TRUE</access>
          <description>Select a three letter iso639-2b
                                                  language code from
                                                  http://www.loc.gov/standards/iso639-2/php/code_list.php
          </description>
          <required>FALSE</required>
          <title>Language</title>
          <tree>TRUE</tree>
          <actions>
            <create>
              <path>self::node()</path>
              <context>parent</context>
              <schema/>
              <type>xml</type>
              <prefix>NULL</prefix>
              <value>&lt;language&gt;&lt;languageTerm
                                                  authority="iso639-2b"
                                                  type="code"&gt;%value%&lt;/languageTerm&gt;&lt;/language&gt;
              </value>
            </create>
            <read>
              <path>mods:language/mods:languageTerm</path>
              <context>parent</context>
            </read>
            <update>
              <path>self::node()</path>
              <context>self</context>
            </update>
            <delete>
              <path>self::node()</path>
              <context>self</context>
            </delete>
          </actions>
        </properties>
        <children/>
      </element>
      <element name="abstract">
        <properties>
          <type>textarea</type>
          <access>TRUE</access>
          <required>FALSE</required>
          <title>Description</title>
          <tree>TRUE</tree>
          <actions>
            <create>
              <path>self::node()</path>
              <context>parent</context>
              <schema/>
              <type>element</type>
              <prefix>NULL</prefix>
              <value>abstract</value>
            </create>
            <read>
              <path>mods:abstract</path>
              <context>parent</context>
            </read>
            <update>
              <path>self::node()</path>
              <context>self</context>
            </update>
            <delete>NULL</delete>
          </actions>
        </properties>
        <children/>
      </element>
      <element name="identifier">
        <properties>
          <type>textfield</type>
          <access>TRUE</access>
          <required>FALSE</required>
          <title>Identifier</title>
          <tree>TRUE</tree>
          <actions>
            <create>
              <path>self::node()</path>
              <context>parent</context>
              <schema/>
              <type>xml</type>
              <prefix>NULL</prefix>
              <value>&lt;identifier&gt;%value%&lt;/identifier&gt;</value>
            </create>
            <read>
              <path>mods:identifier</path>
              <context>parent</context>
            </read>
            <update>
              <path>self::node()</path>
              <context>self</context>
            </update>
            <delete>NULL</delete>
          </actions>
        </properties>
        <children/>
      </element>
      <element name="physicalDescription">
        <properties>
          <type>fieldset</type>
          <access>TRUE</access>
          <required>FALSE</required>
          <title>Physical Description</title>
          <tree>TRUE</tree>
          <actions>
            <create>
              <path>self::node()</path>
              <context>parent</context>
              <schema/>
              <type>element</type>
              <prefix>NULL</prefix>
              <value>physicalDescription</value>
            </create>
            <read>
              <path>mods:physicalDescription</path>
              <context>parent</context>
            </read>
            <update>NULL</update>
            <delete>NULL</delete>
          </actions>
        </properties>
        <children>
          <element name="form">
            <properties>
              <type>select</type>
              <access>TRUE</access>
              <default_value>videorecording</default_value>
              <description>A designation of a particular
                                                  physical presentation of a resource, including the
                                                  physical form or medium of material for a
                                                  resource.
              </description>
              <options>
                <videorecording>videorecording</videorecording>
                <unspecified>unspecified</unspecified>
                <text>text</text>
                <tactile_material>tactile
                                                  material
                </tactile_material>
                <sound_recording>sound recording</sound_recording>
                <index key="remote-sensing_image">remote-sensing
                                                  image
                </index>
                <projected_graphic>projected
                                                  graphic
                </projected_graphic>
                <notated_music>notated music</notated_music>
                <nonprojected_graphic>nonprojected
                                                  graphic
                </nonprojected_graphic>
                <motion_picture>motion picture</motion_picture>
                <microform>microform</microform>
                <map>map</map>
                <kit>kit</kit>
                <globe>globe</globe>
                <electronic_resource>electronic
                                                  resource
                </electronic_resource>
              </options>
              <required>FALSE</required>
              <title>Form</title>
              <tree>TRUE</tree>
              <actions>
                <create>
                  <path>self::node()</path>
                  <context>parent</context>
                  <schema/>
                  <type>xml</type>
                  <prefix>NULL</prefix>
                  <value>&lt;form
                                                  authority="marccategory"&gt;%value%&lt;/form&gt;
                  </value>
                </create>
                <read>
                  <path>mods:form</path>
                  <context>parent</context>
                </read>
                <update>
                  <path>self::node()</path>
                  <context>self</context>
                </update>
                <delete>NULL</delete>
              </actions>
            </properties>
            <children/>
          </element>
          <element name="extent">
            <properties>
              <type>textfield</type>
              <access>TRUE</access>
              <required>FALSE</required>
              <title>Extent</title>
              <tree>TRUE</tree>
              <actions>
                <create>
                  <path>self::node()</path>
                  <context>parent</context>
                  <schema/>
                  <type>element</type>
                  <prefix>NULL</prefix>
                  <value>extent</value>
                </create>
                <read>
                  <path>mods:extent</path>
                  <context>parent</context>
                </read>
                <update>
                  <path>self::node()</path>
                  <context>self</context>
                </update>
                <delete>NULL</delete>
              </actions>
            </properties>
            <children/>
          </element>
        </children>
      </element>
      <element name="note">
        <properties>
          <type>textarea</type>
          <access>TRUE</access>
          <required>FALSE</required>
          <title>Note</title>
          <tree>TRUE</tree>
          <actions>
            <create>
              <path>self::node()</path>
              <context>parent</context>
              <schema/>
              <type>element</type>
              <prefix>NULL</prefix>
              <value>note</value>
            </create>
            <read>
              <path>mods:note[not(@*)]</path>
              <context>parent</context>
            </read>
            <update>
              <path>self::node()</path>
              <context>self</context>
            </update>
            <delete>NULL</delete>
          </actions>
        </properties>
        <children/>
      </element>
      <element name="subject">
        <properties>
          <type>fieldset</type>
          <access>TRUE</access>
          <collapsed>TRUE</collapsed>
          <collapsible>TRUE</collapsible>
          <required>FALSE</required>
          <title>Subject</title>
          <tree>TRUE</tree>
          <actions>
            <create>
              <path>self::node()</path>
              <context>parent</context>
              <schema/>
              <type>element</type>
              <prefix>NULL</prefix>
              <value>subject</value>
            </create>
            <read>
              <path>mods:subject</path>
              <context>parent</context>
            </read>
            <update>NULL</update>
            <delete>NULL</delete>
          </actions>
        </properties>
        <children>
          <element name="topic">
            <properties>
              <type>tags</type>
              <access>TRUE</access>
              <required>FALSE</required>
              <title>Topic</title>
              <tree>TRUE</tree>
            </properties>
            <children>
              <element name="0">
                <properties>
                  <type>tag</type>
                  <access>TRUE</access>
                  <required>FALSE</required>
                  <tree>TRUE</tree>
                  <actions>
                    <create>
                      <path>self::node()</path>
                      <context>parent</context>
                      <schema/>
                      <type>element</type>
                      <prefix>NULL</prefix>
                      <value>topic</value>
                    </create>
                    <read>
                      <path>mods:topic</path>
                      <context>parent</context>
                    </read>
                    <update>
                      <path>self::node()</path>
                      <context>self</context>
                    </update>
                    <delete>
                      <path>self::node()</path>
                      <context>self</context>
                    </delete>
                  </actions>
                </properties>
                <children/>
              </element>
            </children>
          </element>
          <element name="geographic">
            <properties>
              <type>tags</type>
              <access>TRUE</access>
              <required>FALSE</required>
              <title>Geographic</title>
              <tree>TRUE</tree>
            </properties>
            <children>
              <element name="0">
                <properties>
                  <type>tag</type>
                  <access>TRUE</access>
                  <required>FALSE</required>
                  <tree>TRUE</tree>
                  <actions>
                    <create>
                      <path>self::node()</path>
                      <context>parent</context>
                      <schema/>
                      <type>element</type>
                      <prefix>NULL</prefix>
                      <value>geographic</value>
                    </create>
                    <read>
                      <path>mods:geographic</path>
                      <context>parent</context>
                    </read>
                    <update>
                      <path>self::node()</path>
                      <context>self</context>
                    </update>
                    <delete>
                      <path>self::node()</path>
                      <context>self</context>
                    </delete>
                  </actions>
                </properties>
                <children/>
              </element>
            </children>
          </element>
          <element name="temporal">
            <properties>
              <type>tags</type>
              <access>TRUE</access>
              <required>FALSE</required>
              <title>Temporal</title>
              <tree>TRUE</tree>
            </properties>
            <children>
              <element name="0">
                <properties>
                  <type>tag</type>
                  <access>TRUE</access>
                  <required>FALSE</required>
                  <tree>TRUE</tree>
                  <actions>
                    <create>
                      <path>self::node()</path>
                      <context>parent</context>
                      <schema/>
                      <type>element</type>
                      <prefix>NULL</prefix>
                      <value>temporal</value>
                    </create>
                    <read>
                      <path>mods:temporal</path>
                      <context>parent</context>
                    </read>
                    <update>
                      <path>self::node()</path>
                      <context>self</context>
                    </update>
                    <delete>
                      <path>self::node()</path>
                      <context>self</context>
                    </delete>
                  </actions>
                </properties>
                <children/>
              </element>
            </children>
          </element>
          <element name="hierarchicalGeographic">
            <properties>
              <type>fieldset</type>
              <access>TRUE</access>
              <collapsed>TRUE</collapsed>
              <collapsible>TRUE</collapsible>
              <required>FALSE</required>
              <title>Geographic Information</title>
              <tree>TRUE</tree>
              <actions>
                <create>
                  <path>self::node()</path>
                  <context>parent</context>
                  <schema/>
                  <type>element</type>
                  <prefix>NULL</prefix>
                  <value>hierarchicalGeographic</value>
                </create>
                <read>
                  <path>mods:hierarchicalGeographic</path>
                  <context>parent</context>
                </read>
                <update>
                  <path>self::node()</path>
                  <context>self</context>
                </update>
                <delete>NULL</delete>
              </actions>
            </properties>
            <children>
              <element name="continent">
                <properties>
                  <type>select</type>
                  <access>TRUE</access>
                  <default_value>North America</default_value>
                  <options>
                    <index key="Select Continent"/>
                    <Africa>Africa</Africa>
                    <Asia>Asia</Asia>
                    <Europe>Europe</Europe>
                    <index key="North America">North America</index>
                    <index key="South America">South America</index>
                  </options>
                  <required>FALSE</required>
                  <title>Continent</title>
                  <tree>TRUE</tree>
                  <actions>
                    <create>
                      <path>self::node()</path>
                      <context>parent</context>
                      <schema/>
                      <type>element</type>
                      <prefix>NULL</prefix>
                      <value>continent</value>
                    </create>
                    <read>
                      <path>mods:continent</path>
                      <context>parent</context>
                    </read>
                    <update>
                      <path>self::node()</path>
                      <context>self</context>
                    </update>
                    <delete>NULL</delete>
                  </actions>
                </properties>
                <children/>
              </element>
              <element name="country">
                <properties>
                  <type>textfield</type>
                  <access>TRUE</access>
                  <description>Name of a country, i.e. a political
                                                  entity considered a country.
                  </description>
                  <required>FALSE</required>
                  <title>Country</title>
                  <tree>TRUE</tree>
                  <actions>
                    <create>
                      <path>self::node()</path>
                      <context>parent</context>
                      <schema/>
                      <type>element</type>
                      <prefix>NULL</prefix>
                      <value>country</value>
                    </create>
                    <read>
                      <path>mods:country</path>
                      <context>parent</context>
                    </read>
                    <update>
                      <path>self::node()</path>
                      <context>self</context>
                    </update>
                    <delete>NULL</delete>
                  </actions>
                </properties>
                <children/>
              </element>
              <element name="province">
                <properties>
                  <type>textfield</type>
                  <access>TRUE</access>
                  <description>Includes first order political
                                                  divisions called provinces within a country, e.g.
                                                  in Canada.
                  </description>
                  <required>FALSE</required>
                  <title>Province</title>
                  <tree>TRUE</tree>
                  <actions>
                    <create>
                      <path>self::node()</path>
                      <context>parent</context>
                      <schema/>
                      <type>element</type>
                      <prefix>NULL</prefix>
                      <value>province</value>
                    </create>
                    <read>
                      <path>mods:province</path>
                      <context>parent</context>
                    </read>
                    <update>
                      <path>self::node()</path>
                      <context>self</context>
                    </update>
                    <delete>NULL</delete>
                  </actions>
                </properties>
                <children/>
              </element>
              <element name="region">
                <properties>
                  <type>textfield</type>
                  <access>TRUE</access>
                  <description>Includes regions that have status as
                                                  a jurisdiction, usually incorporating more than
                                                  one first level jurisdiction.
                  </description>
                  <required>FALSE</required>
                  <title>Region</title>
                  <tree>TRUE</tree>
                  <actions>
                    <create>
                      <path>self::node()</path>
                      <context>parent</context>
                      <schema/>
                      <type>element</type>
                      <prefix>NULL</prefix>
                      <value>region</value>
                    </create>
                    <read>
                      <path>mods:region</path>
                      <context>parent</context>
                    </read>
                    <update>
                      <path>self::node()</path>
                      <context>self</context>
                    </update>
                    <delete>NULL</delete>
                  </actions>
                </properties>
                <children/>
              </element>
              <element name="county">
                <properties>
                  <type>textfield</type>
                  <access>TRUE</access>
                  <description>Name of the largest local
                                                  administrative unit in various countries, e.g.
                                                  England.
                  </description>
                  <required>FALSE</required>
                  <title>County</title>
                  <tree>TRUE</tree>
                  <actions>
                    <create>
                      <path>self::node()</path>
                      <context>parent</context>
                      <schema/>
                      <type>element</type>
                      <prefix>NULL</prefix>
                      <value>county</value>
                    </create>
                    <read>
                      <path>mods:county</path>
                      <context>parent</context>
                    </read>
                    <update>
                      <path>self::node()</path>
                      <context>self</context>
                    </update>
                    <delete>NULL</delete>
                  </actions>
                </properties>
                <children/>
              </element>
              <element name="city">
                <properties>
                  <type>textfield</type>
                  <access>TRUE</access>
                  <description>Name of an inhabited place
                                                  incorporated as a city, town, etc.
                  </description>
                  <required>FALSE</required>
                  <title>City</title>
                  <tree>TRUE</tree>
                  <actions>
                    <create>
                      <path>self::node()</path>
                      <context>parent</context>
                      <schema/>
                      <type>element</type>
                      <prefix>NULL</prefix>
                      <value>city</value>
                    </create>
                    <read>
                      <path>mods:city</path>
                      <context>parent</context>
                    </read>
                    <update>
                      <path>self::node()</path>
                      <context>self</context>
                    </update>
                    <delete>NULL</delete>
                  </actions>
                </properties>
                <children/>
              </element>
              <element name="citySection">
                <properties>
                  <type>textfield</type>
                  <access>TRUE</access>
                  <description>Name of a smaller unit within a
                                                  populated place, e.g., neighborhoods, parks, or
                                                  streets.
                  </description>
                  <required>FALSE</required>
                  <title>City Section</title>
                  <tree>TRUE</tree>
                  <actions>
                    <create>
                      <path>self::node()</path>
                      <context>parent</context>
                      <schema/>
                      <type>element</type>
                      <prefix>NULL</prefix>
                      <value>citySection</value>
                    </create>
                    <read>
                      <path>mods:citySection</path>
                      <context>parent</context>
                    </read>
                    <update>
                      <path>self::node()</path>
                      <context>self</context>
                    </update>
                    <delete>NULL</delete>
                  </actions>
                </properties>
                <children/>
              </element>
            </children>
          </element>
          <element name="cartographics">
            <properties>
              <type>fieldset</type>
              <access>TRUE</access>
              <required>FALSE</required>
              <title>Cartographics</title>
              <tree>TRUE</tree>
              <actions>
                <create>
                  <path>self::node()</path>
                  <context>parent</context>
                  <schema/>
                  <type>element</type>
                  <prefix>NULL</prefix>
                  <value>cartographics</value>
                </create>
                <read>
                  <path>mods:cartographics</path>
                  <context>parent</context>
                </read>
                <update>
                  <path>self::node()</path>
                  <context>self</context>
                </update>
                <delete>NULL</delete>
              </actions>
            </properties>
            <children>
              <element name="coordinates">
                <properties>
                  <type>textfield</type>
                  <access>TRUE</access>
                  <description>Contains a statement of coordinates
                                                  covered by the resource.
                  </description>
                  <required>FALSE</required>
                  <title>Coordinates</title>
                  <tree>TRUE</tree>
                  <actions>
                    <create>
                      <path>self::node()</path>
                      <context>parent</context>
                      <schema/>
                      <type>element</type>
                      <prefix>NULL</prefix>
                      <value>coordinates</value>
                    </create>
                    <read>
                      <path>mods:coordinates</path>
                      <context>parent</context>
                    </read>
                    <update>
                      <path>self::node()</path>
                      <context>self</context>
                    </update>
                    <delete>NULL</delete>
                  </actions>
                </properties>
                <children/>
              </element>
            </children>
          </element>
        </children>
      </element>
      <element name="Ingest">
        <properties>
          <type>hidden</type>
          <access>TRUE</access>
          <default_value>hiddenvalue</default_value>
          <required>FALSE</required>
          <tree>TRUE</tree>
        </properties>
        <children/>
      </element>
    </children>
  </form>
</definition>
