<?xml version="1.0"?>
<dsCompositeModel xmlns="info:fedora/fedora-system:def/dsCompositeModel#">
  <!-- using this as a guide -->
  <dsTypeModel ID="DC">
    <form FORMAT_URI="http://www.openarchives.org/OAI/2.0/oai_dc/" MIME="text/xml"/>
  </dsTypeModel>
  <dsTypeModel ID="RELS-EXT" optional="true">
    <form FORMAT_URI="info:fedora/fedora-system:FedoraRELSExt-1.0" MIME="application/rdf+xml"/>
  </dsTypeModel>
  <dsTypeModel ID="RELS-INT" optional="true">
    <form FORMAT_URI="info:fedora/fedora-system:FedoraRELSInt-1.0" MIME="application/rdf+xml"/>
  </dsTypeModel>
  <dsTypeModel ID="MODS" optional="true">
    <form FORMAT_URI="http://www.loc.gov/mods/v3" MIME="text/xml"/>
  </dsTypeModel>
  <dsTypeModel ID="OBJ" optional="false">
    <form MIME="audio/mp3"/>
    <form MIME="audio/wav"/>
    <form MIME="audio/x-wav"/>
    <form MIME="audio/vnd.wave"/>
    <form MIME="audio/flac"/>
  </dsTypeModel>
  <dsTypeModel ID="PROXY_MP3" optional="false">
    <form MIME="audio/mp3"/>
  </dsTypeModel>
  <dsTypeModel ID="TN" optional="false">
    <form MIME="image/jpg"/>
  </dsTypeModel>
  <dsTypeModel ID="TECHMD">
    <form MIME="text/xml"/>
  </dsTypeModel>
</dsCompositeModel>
